-- phpMyAdmin SQL Dump
-- version 5.0.2
-- https://www.phpmyadmin.net/
--
-- Host: 127.0.0.1:3306
-- Generation Time: Mar 15, 2021 at 03:31 PM
-- Server version: 5.7.31
-- PHP Version: 7.3.21

SET SQL_MODE = "NO_AUTO_VALUE_ON_ZERO";
START TRANSACTION;
SET time_zone = "+00:00";


/*!40101 SET @OLD_CHARACTER_SET_CLIENT=@@CHARACTER_SET_CLIENT */;
/*!40101 SET @OLD_CHARACTER_SET_RESULTS=@@CHARACTER_SET_RESULTS */;
/*!40101 SET @OLD_COLLATION_CONNECTION=@@COLLATION_CONNECTION */;
/*!40101 SET NAMES utf8mb4 */;

--
-- Database: `ciblog`
--

-- --------------------------------------------------------

--
-- Table structure for table `authors`
--

DROP TABLE IF EXISTS `authors`;
CREATE TABLE IF NOT EXISTS `authors` (
  `id` int(11) UNSIGNED NOT NULL AUTO_INCREMENT,
  `first_name` varchar(50) NOT NULL,
  `last_name` varchar(50) NOT NULL,
  `email` varchar(100) NOT NULL,
  `bio` text NOT NULL,
  `avatar` varchar(255) NOT NULL,
  `password` varchar(255) NOT NULL,
  `token` varchar(255) DEFAULT NULL,
  `active` tinyint(1) NOT NULL,
  `is_admin` tinyint(1) NOT NULL,
  `register_date` timestamp NOT NULL DEFAULT CURRENT_TIMESTAMP ON UPDATE CURRENT_TIMESTAMP,
  PRIMARY KEY (`id`)
) ENGINE=InnoDB AUTO_INCREMENT=7 DEFAULT CHARSET=utf8;

--
-- Dumping data for table `authors`
--

INSERT INTO `authors` (`id`, `first_name`, `last_name`, `email`, `bio`, `avatar`, `password`, `token`, `active`, `is_admin`, `register_date`) VALUES
(1, 'Razvan', 'Zamfir', 'razvan_zamfir80@yahoo.com', 'There are many variations of passages of Lorem Ipsum available, but the majority have suffered alteration in some form, by injected humour, or randomised words which don\'t look even slightly believable. ', 'razvan.jpg', '$2y$10$Lv0mD8Z44q83OIJAyTfQ2usIgo3AJKQufFnGNUcs5r22iSxarZc8y', 'e55c8e33314ef004c673c8fa971f17ff', 1, 1, '2021-03-07 15:16:08'),
(2, 'Kayden', 'Schiller', 'deangelo32@example.org', 'There are many variations of passages of Lorem Ipsum available, but the majority have suffered alteration in some form, by injected humour, or randomised words which don\'t look even slightly believable. ', 'kayden.jpg', '$2y$10$HIwQBKAdQ7ehF9/SzKZS0uvmLgoMDzpayT6.cQAC8tRWw8mUM7P3W', NULL, 1, 0, '2021-03-06 21:45:28'),
(3, 'Carmen', 'Romaguera', 'carmen.comaguera@example.net', 'If you are going to use a passage of Lorem Ipsum, you need to be sure there isn\'t anything embarrassing hidden in the middle of text. All the Lorem Ipsum generators on the Internet tend to repeat predefined chunks as necessary, making this the first true generator on the Internet. It uses a dictionary of over 200 Latin words, combined with a handful of model sentence structures, to generate Lorem Ipsum which looks reasonable. The generated Lorem Ipsum is therefore always free from repetition, injected humour, or non-characteristic words etc.\r\n\r\n', 'carmen.jpg', '$2y$10$HIwQBKAdQ7ehF9/SzKZS0uvmLgoMDzpayT6.cQAC8tRWw8mUM7P3W', NULL, 1, 0, '2021-03-06 21:45:28'),
(4, 'Cosmina', 'Popa', 'cpopa@yahoo.com', 'There are many variations of passages of Lorem Ipsum available, but the majority have suffered alteration in some form, by injected humour, or randomised words which don\'t look even slightly believable. The generated Lorem Ipsum is therefore always free from repetition, injected humour, or non-characteristic words etc.\r\n\r\n', '', '$2y$10$HIwQBKAdQ7ehF9/SzKZS0uvmLgoMDzpayT6.cQAC8tRWw8mUM7P3W', NULL, 1, 0, '2021-03-06 21:45:28'),
(6, 'Ion ', 'Popa', 'ionpopa@yahoo.com', '', '', '$2y$10$V9jrjYhOwyqcIFIEIq0G1eeGNtV1lo08W8L6CsXuwCz90FoiNn32C', NULL, 0, 0, '2021-03-06 20:12:08');

-- --------------------------------------------------------

--
-- Table structure for table `categories`
--

DROP TABLE IF EXISTS `categories`;
CREATE TABLE IF NOT EXISTS `categories` (
  `id` int(11) NOT NULL AUTO_INCREMENT,
  `author_id` int(11) UNSIGNED NOT NULL,
  `name` varchar(255) NOT NULL,
  `created_at` timestamp NOT NULL DEFAULT CURRENT_TIMESTAMP ON UPDATE CURRENT_TIMESTAMP,
  PRIMARY KEY (`id`)
) ENGINE=InnoDB AUTO_INCREMENT=9 DEFAULT CHARSET=utf8;

--
-- Dumping data for table `categories`
--

INSERT INTO `categories` (`id`, `author_id`, `name`, `created_at`) VALUES
(1, 1, 'Uncategorized', '2018-03-04 07:03:01'),
(2, 1, 'Technology', '2018-03-04 07:03:18'),
(3, 1, 'Business', '2018-03-04 07:14:40'),
(4, 3, 'Sport', '2018-04-28 01:20:23'),
(5, 3, 'Showbiz', '2018-04-28 02:36:04'),
(6, 3, 'Health', '2018-04-28 11:46:05'),
(7, 3, 'Sex life', '2018-05-20 03:26:35'),
(8, 3, 'Books', '2018-09-23 05:28:46');

-- --------------------------------------------------------

--
-- Table structure for table `comments`
--

DROP TABLE IF EXISTS `comments`;
CREATE TABLE IF NOT EXISTS `comments` (
  `id` int(11) UNSIGNED NOT NULL AUTO_INCREMENT,
  `post_id` int(11) UNSIGNED NOT NULL,
  `name` varchar(255) NOT NULL,
  `email` varchar(100) NOT NULL,
  `comment` text NOT NULL,
  `aproved` tinyint(1) NOT NULL,
  `created_at` timestamp NOT NULL DEFAULT CURRENT_TIMESTAMP ON UPDATE CURRENT_TIMESTAMP,
  PRIMARY KEY (`id`)
) ENGINE=InnoDB AUTO_INCREMENT=49 DEFAULT CHARSET=utf8;

--
-- Dumping data for table `comments`
--

INSERT INTO `comments` (`id`, `post_id`, `name`, `email`, `comment`, `aproved`, `created_at`) VALUES
(1, 1, 'Razvan Zamfir', 'razvan_zamfir80@yahoo.com', 'When can I start?', 1, '2018-10-08 06:06:18'),
(2, 68, 'Razvan Zamfir', 'razvan_zamfir80@yahoo.com', 'Test', 1, '2018-10-08 20:29:48'),
(3, 67, 'Razvan Zamfir', 'razvan_zamfir80@yahoo.com', 'Mountains, she had a last view back', 1, '2018-10-08 20:32:15'),
(4, 1, 'John Doe', 'jdoe@yahoo.com', 'One morning, when Gregor Samsa woke from troubled dreams, he found himself transformed in his bed into a horrible vermin. He lay on his armour-like back, and if he lifted his head a little he could see his brown belly, slightly domed and divided by arches into stiff sections.', 1, '2019-10-26 11:30:07'),
(7, 67, 'Razvan Zamfir', 'razvan_zamfir80@yahoo.com', 'Post comment validation in AngularJS.', 1, '2019-11-01 22:55:37'),
(9, 65, 'Razvan Zamfir', 'razvan_zamfir80@yahoo.com', 'Empty form in angularJS', 0, '2019-11-01 22:39:35'),
(11, 65, 'Razvan Zamfir', 'razvan_zamfir80@yahoo.com', 'Set pristine after submission.', 1, '2019-11-02 00:52:17'),
(12, 65, 'Razvan Zamfir', 'razvan_zamfir80@yahoo.com', 'Set Pristine', 0, '2019-11-01 23:02:14'),
(13, 65, 'Razvan Zamfir', 'razvan_zamfir80@yahoo.com', 'set pristine 2', 1, '2019-11-02 00:52:14'),
(16, 65, 'Razvan Zamfir', 'razvan_zamfir80@yahoo.com', 'Test pretine', 1, '2019-11-02 00:52:19'),
(25, 65, 'Razvan Zamfir', 'razvan_zamfir80@yahoo.com', 'hey again!', 1, '2019-11-02 00:52:10'),
(26, 65, 'Razvan Zamfir', 'razvan_zamfir80@yahoo.com', 'Test', 1, '2019-11-02 00:52:09'),
(27, 65, 'Razvan Zamfir', 'razvan_zamfir80@yahoo.com', 'Ura', 1, '2019-11-02 00:52:08'),
(28, 65, 'Razvan Zamfir', 'razvan_zamfir80@yahoo.com', 'Urrraaa!', 1, '2019-11-02 00:52:06'),
(32, 67, 'Razvan Zamfir', 'razvan_zamfir80@yahoo.com', 'Success message test', 1, '2019-11-02 09:00:31'),
(36, 67, 'Razvan Zamfir', 'razvan_zamfir80@yahoo.com', 'Formatted success message test', 1, '2019-11-11 20:55:46'),
(41, 65, 'Razvan Zamfir', 'razvan_zamfir80@yahoo.com', 'Test', 1, '2019-11-11 20:55:37'),
(47, 67, 'Zamfir Razvan', 'razvan_zamfir80@yahoo.com', 'Test again', 1, '2019-11-11 20:56:21'),
(48, 1, 'Razvan Zamfir', 'razvan_zamfir80@yahoo.com', 'Test', 0, '2020-04-15 20:06:48');

-- --------------------------------------------------------

--
-- Table structure for table `migrations`
--

DROP TABLE IF EXISTS `migrations`;
CREATE TABLE IF NOT EXISTS `migrations` (
  `version` bigint(20) NOT NULL
) ENGINE=InnoDB DEFAULT CHARSET=utf8;

--
-- Dumping data for table `migrations`
--

INSERT INTO `migrations` (`version`) VALUES
(5);

-- --------------------------------------------------------

--
-- Table structure for table `newsletter`
--

DROP TABLE IF EXISTS `newsletter`;
CREATE TABLE IF NOT EXISTS `newsletter` (
  `id` int(6) UNSIGNED NOT NULL AUTO_INCREMENT,
  `email` varchar(50) NOT NULL,
  `subscription_date` timestamp NULL DEFAULT NULL,
  PRIMARY KEY (`id`)
) ENGINE=MyISAM AUTO_INCREMENT=9 DEFAULT CHARSET=latin1;

--
-- Dumping data for table `newsletter`
--

INSERT INTO `newsletter` (`id`, `email`, `subscription_date`) VALUES
(1, 'razvan_zamfir80@yahoo.com', '2021-03-14 13:37:34'),
(2, 'cpopa@yahoo.com', '2021-03-14 13:39:03'),
(3, 'deangelo32@example.org', '2021-03-14 14:28:19'),
(4, 'carmen.comaguera@example.net', '2021-03-14 15:26:14'),
(5, 'cosmina.popescu@gmail.com', '2021-03-15 12:24:56'),
(6, 'jdoe@gmail.com', '2021-03-15 12:03:23'),
(7, 'john.doe@gmail.com', '2021-03-15 12:34:23');

-- --------------------------------------------------------

--
-- Table structure for table `pages`
--

DROP TABLE IF EXISTS `pages`;
CREATE TABLE IF NOT EXISTS `pages` (
  `id` int(11) UNSIGNED NOT NULL AUTO_INCREMENT,
  `author_id` int(11) UNSIGNED NOT NULL,
  `cat_id` int(11) UNSIGNED NOT NULL,
  `title` varchar(255) NOT NULL,
  `content` text NOT NULL,
  `created_at` timestamp NOT NULL DEFAULT CURRENT_TIMESTAMP ON UPDATE CURRENT_TIMESTAMP,
  `updated_at` timestamp NOT NULL DEFAULT '0000-00-00 00:00:00',
  PRIMARY KEY (`id`)
) ENGINE=InnoDB AUTO_INCREMENT=3 DEFAULT CHARSET=utf8;

--
-- Dumping data for table `pages`
--

INSERT INTO `pages` (`id`, `author_id`, `cat_id`, `title`, `content`, `created_at`, `updated_at`) VALUES
(1, 1, 0, 'Privacy Policy', '<p>Demoblog (\"us\", \"we\", or \"our\") operates the http://code-love.tk website (the \"Service\").</p>\r\n\r\n<p>This page informs you of our policies regarding the collection, use, and disclosure of personal data when you use our Service and the choices you have associated with that data.</p>\r\n\r\n<p>We use your data to provide and improve the Service. By using the Service, you agree to the collection and use of information in accordance with this policy. Unless otherwise defined in this Privacy Policy, terms used in this Privacy Policy have the same meanings as in our Terms and Conditions, accessible from http://code-love.tk</p>\r\n\r\n<h3>Information Collection And Use</h3>\r\n\r\n<p>We collect several different types of information for various purposes to provide and improve our Service to you.</p>\r\n\r\n<h3>Types of Data Collected</h3>\r\n\r\n<p>Personal Data</p>\r\n\r\n<p>While using our Service, we may ask you to provide us with certain personally identifiable information that can be used to contact or identify you (\"Personal Data\"). Personally identifiable information may include, but is not limited to:</p>\r\n\r\n<ul>\r\n <li>Email address</li>\r\n <li>First name and last name</li>\r\n <li>Cookies and Usage Data</li>\r\n</ul>\r\n\r\n<p>Usage Data</p>\r\n\r\n<p>We may also collect information how the Service is accessed and used (\"Usage Data\"). This Usage Data may include information such as your computer&#39;s Internet Protocol address (e.g. IP address), browser type, browser version, the pages of our Service that you visit, the time and date of your visit, the time spent on those pages, unique device identifiers and other diagnostic data.</p>\r\n\r\n<p>Tracking & Cookies Data</p>\r\n\r\n<p>We do not track user activity on the website.</p>\r\n\r\n<p>However, we use Session Cookies</p>\r\n\r\n<p>Cookies are files with small amount of data which may include an anonymous unique identifier. Cookies are sent to your browser from a website and stored on your device. Tracking technologies also used are beacons, tags, and scripts to collect and track information and to improve and analyze our Service.</p>\r\n\r\n<p>Cookies are files with small amount of data which may include an anonymous unique identifier. Cookies are sent to your browser from a website and stored on your device. Tracking technologies also used are beacons, tags, and scripts to collect and track information and to improve and analyze our Service.</p>\r\n\r\n<h3>Use of Data</h3>\r\n\r\n<p>Demoblog collects the minimal amount of data necesarry to help you make use of the service:</p>\r\n\r\n<ul>\r\n <li>Login data: email and password</li>\r\n <li>The data you choose to provide as <em>first name</em> and <em>last name</em>, under which you will publish articles</li>\r\n</ul>\r\n\r\n<h3>Transfer Of Data</h3>\r\n\r\n<p>Your information, including Personal Data, may be transferred to — and maintained on — computers located outside of your state, province, country or other governmental jurisdiction where the data protection laws may differ than those from your jurisdiction.</p>\r\n\r\n<p>If you are located outside Romania and choose to provide information to us, please note that we transfer the data, including Personal Data, to Romania and process it there.</p>\r\n\r\n<p>Your consent to this Privacy Policy followed by your submission of such information represents your agreement to that transfer.</p>\r\n\r\n<p>Demoblog will take all steps reasonably necessary to ensure that your data is treated securely and in accordance with this Privacy Policy and no transfer of your Personal Data will take place to an organization or a country unless there are adequate controls in place including the security of your data and other personal information.</p>\r\n\r\n<h3>Disclosure Of Data</h3>\r\n\r\n<p>Legal Requirements</p>\r\n\r\n<p>Demoblog may disclose your Personal Data in the good faith belief that such action is necessary to:</p>\r\n\r\n<ul>\r\n <li>To comply with a legal obligation</li>\r\n <li>To protect and defend the rights or property of Demoblog</li>\r\n <li>To prevent or investigate possible wrongdoing in connection with the Service</li>\r\n <li>To protect the personal safety of users of the Service or the public</li>\r\n <li>To protect against legal liability</li>\r\n</ul>\r\n\r\n<h3>Security Of Data</h3>\r\n\r\n<p>The security of your data is important to us, but remember that no method of transmission over the Internet, or method of electronic storage is 100% secure. While we strive to use commercially acceptable means to protect your Personal Data, we cannot guarantee its absolute security.</p>\r\n\r\n<h3>Service Providers</h3>\r\n\r\n<p>We may employ third party companies and individuals to facilitate our Service (\"Service Providers\"), to provide the Service on our behalf, to perform Service-related services or to assist us in analyzing how our Service is used.</p>\r\n\r\n<p>These third parties have access to your Personal Data only to perform these tasks on our behalf and are obligated not to disclose or use it for any other purpose.</p>\r\n\r\n<h3>Children&#39;s Privacy</h3>\r\n\r\n<p>Our Service does not address anyone under the age of 18 (\"Children\").</p>\r\n\r\n<p>We do not knowingly collect personally identifiable information from anyone under the age of 18. If you are a parent or guardian and you are aware that your Children has provided us with Personal Data, please contact us. If we become aware that we have collected Personal Data from children without verification of parental consent, we take steps to remove that information from our servers.</p>\r\n\r\n<h3>Changes To This Privacy Policy</h3>\r\n\r\n<p>We may update our Privacy Policy from time to time. We will notify you of any changes by posting the new Privacy Policy on this page.</p>\r\n\r\n<p>We will let you know via email and/or a prominent notice on our Service, prior to the change becoming effective and update the \"effective date\" at the top of this Privacy Policy.</p>\r\n\r\n<p>You are advised to review this Privacy Policy periodically for any changes. Changes to this Privacy Policy are effective when they are posted on this page.</p>\r\n\r\n<h3>Contact Us</h3>\r\n\r\n<p>If you have any questions about this Privacy Policy, please contact us by email at <a href=\"mailto:razvan_zamfir80@yahoo.com\">razvan_zamfir80@yahoo.com</a></p>\r\n', '2020-04-23 14:10:56', '2020-04-23 13:10:56'),
(2, 1, 0, 'Careers', '<p>Apply with CV at hr@mycompany.com.</p>\r\n', '2020-03-24 13:59:06', '2020-03-24 12:59:06');

-- --------------------------------------------------------

--
-- Table structure for table `posts`
--

DROP TABLE IF EXISTS `posts`;
CREATE TABLE IF NOT EXISTS `posts` (
  `id` int(11) UNSIGNED NOT NULL AUTO_INCREMENT,
  `author_id` int(11) UNSIGNED NOT NULL,
  `cat_id` int(11) UNSIGNED NOT NULL,
  `title` varchar(255) NOT NULL,
  `slug` varchar(128) DEFAULT NULL,
  `description` varchar(255) NOT NULL,
  `content` text NOT NULL,
  `post_image` varchar(255) NOT NULL,
  `featured` tinyint(1) DEFAULT NULL,
  `created_at` timestamp NULL DEFAULT NULL,
  `updated_at` timestamp NULL DEFAULT NULL,
  PRIMARY KEY (`id`),
  UNIQUE KEY `slug` (`slug`)
) ENGINE=InnoDB AUTO_INCREMENT=70 DEFAULT CHARSET=utf8;

--
-- Dumping data for table `posts`
--

INSERT INTO `posts` (`id`, `author_id`, `cat_id`, `title`, `slug`, `description`, `content`, `post_image`, `featured`, `created_at`, `updated_at`) VALUES
(1, 1, 2, 'So, you want to learn PHP', 'so-you-want-to-learn-php', 'Come and learn PHP with us. Our teachers are experienced and patient.', '<p>A wonderful serenity has taken possession of my entire soul, like these sweet mornings of spring which I enjoy with my whole heart. I am alone, and feel the charm of <em>existence in this spot</em>, which was created for the bliss of souls like mine.</p>\r\n\r\n<p>I am so happy, my dear friend, so absorbed in the exquisite sense of mere tranquil existence, that I neglect my talents. I should be incapable of drawing a single stroke at the present moment; and yet I feel that I never was a greater artist than now.</p>\r\n\r\n<p>When, while the lovely valley teems with vapour around me, and the meridian sun strikes the upper surface of the impenetrable foliage of my trees, and but a few stray gleams steal into the inner sanctuary.</p>\r\n\r\n<p>I throw myself down among the tall grass by the trickling stream; and, as I lie close to the earth, a thousand unknown plants are noticed by me: when I hear the buzz of the little world among the stalks, and grow familiar with the countless indescribable forms of the insects and flies, then I feel the presence of the Almighty, who formed us in his own image, and the breath.</p>\r\n', 'code.jpg', NULL, '2018-10-11 18:26:14', '2018-10-08 19:39:32'),
(2, 2, 1, 'La plimbare', 'la-plimbare', 'Incidunt aut sit distinctio fuga suscipit qui. Porro ducimus laborum nesciunt sed nihil possimus assumenda.', '<p>Lorem ipsum dolor sit amet, consectetur adipiscing elit. Proin pulvinar, tellus ut interdum hendrerit, mi ipsum mollis mi, nec auctor nibh purus sit amet velit. Suspendisse <strong>suscipit egestas sollicitudin</strong>. In nec enim dictum, feugiat enim vel, placerat diam.</p>\r\n\r\n<p>Morbi faucibus, felis non aliquam mollis, enim tortor lacinia neque, eget ultricies lorem lectus elementum est. Lorem ipsum dolor sit amet, consectetur adipiscing elit. Maecenas scelerisque ligula sit amet ante congue porttitor. Vestibulum egestas blandit vehicula.</p>\r\n\r\n<p>Class aptent taciti sociosqu ad litora torquent per conubia nostra, per inceptos himenaeos. Integer enim elit, mattis ac ullamcorper sit amet, <em>elementum </em>et neque.</p>\r\n\r\n<p>Nulla sollicitudin metus at dignissim vestibulum. Quisque sodales ullamcorper felis, nec mollis purus. Fusce tempor, odio sit amet pulvinar egestas, libero enim posuere mauris, ut blandit sem urna et ligula.</p>\r\n\r\n<p>Lorem ipsum dolor sit amet, consectetur adipiscing elit. Integer vel aliquet mi. Mauris sit amet tincidunt urna, at sagittis lorem. Lorem ipsum dolor sit amet, consectetur adipiscing elit. Aenean nec tellus elit. Fusce vitae nibh id metus lacinia iaculis in posuere ex. Sed est lorem, sodales nec volutpat aliquam, iaculis non quam.</p>\r\n\r\n<p>Quisque vitae molestie mauris, eu rhoncus neque. Ut dignissim ante et orci gravida accumsan. Curabitur feugiat, nisi sit amet tempor tincidunt, lacus libero fermentum felis, eu ultricies elit lectus a turpis. Ut at semper purus. Fusce vel feugiat sapien. Integer quis tempus erat, ac pulvinar nisl. In non diam sed quam vehicula suscipit. Sed volutpat velit ac ultrices tincidunt. Phasellus eu erat sed augue sagittis fermentum.</p>\r\n\r\n<p>Vivamus in eros blandit, congue libero a, cursus nulla. Mauris euismod eu quam et placerat. Fusce posuere massa nunc, id tempus erat aliquet at. In tincidunt volutpat nibh. Fusce malesuada diam a nulla tincidunt auctor. Fusce ac leo egestas justo sagittis accumsan. Suspendisse ornare turpis enim, eget ullamcorper libero placerat ac.</p>\r\n\r\n<p>Phasellus sapien ante, eleifend eu ipsum in, blandit tincidunt justo. Proin ac dictum lacus, at rutrum turpis. Aliquam pretium erat tempor nisi imperdiet, id ultrices augue vestibulum. Fusce eu aliquam nisl, vitae sollicitudin neque. Etiam sit amet ante a augue congue accumsan. Pellentesque malesuada mi a sollicitudin facilisis. Sed at auctor ligula.</p>\r\n\r\n<p>Cras mollis ut neque vitae laoreet. Maecenas a neque a nisl ultricies porta non sed quam. Suspendisse eget eros rutrum, dictum nisi a, maximus neque. Etiam orci diam, ornare in velit in, ultrices euismod mi. Vestibulum maximus magna a ligula volutpat, faucibus commodo tortor molestie. Quisque sit amet fringilla sapien.</p>\r\n\r\n<p>Phasellus luctus diam finibus metus ullamcorper auctor. Quisque est risus, pretium a est eu, lobortis consequat mauris. Integer quis ligula id dolor tristique ullamcorper. In lacinia eros semper odio consequat efficitur. Donec sit amet vulputate enim. Sed turpis nunc, dignissim a quam et, luctus malesuada dui. Praesent blandit enim quis imperdiet lobortis. Duis iaculis vehicula placerat. Aenean id tellus tortor.</p>\r\n', 'default.jpg', NULL, '2018-10-11 18:25:28', '2018-04-28 06:29:55'),
(3, 3, 8, 'Book review: Great Gatsby', 'book-review-great-gatsby', 'To more fully clarify the current exchange, a few aggregate issues will require addressing to facilitate this distributed communication venue.', '<p><strong>Perhaps a reengineering of your current world view will re-energize your online nomenclature to enable a new holistic interactive enterprise internet communication solution.</strong></p>\r\n\r\n<p>Upscaling the resurgent networking exchange solutions, achieving a breakaway systemic electronic data interchange system synchronization, thereby exploiting technical environments for mission critical broad based capacity constrained systems.</p>\r\n\r\n<h2>Fundamentally transforming well designed actionable information whose semantic content is virtually null</h2>\r\n\r\n<p>To more fully clarify the current exchange, a few aggregate issues will require addressing to facilitate this distributed communication venue.</p>\r\n\r\n<p>In integrating non-aligned structures into existing legacy systems, a holistic gateway blueprint is a backward compatible packaging tangible of immeasurable strategic value in right-sizing conceptual frameworks when thinking outside the box.</p>\r\n\r\n<p>This being said, the ownership issues inherent in dominant thematic implementations cannot be understated vis-a vis document distribution on a real operating system consisting primarily of elements regarded as outdated and therefore impelling as a integrated out sourcing avenue to facilitate multi-level name value pairing in static components.</p>\r\n\r\n<p>In order to properly merge and articulate these core assets, an acquisition statement outlining the information architecture, leading to a racheting up of convergence across the organic platform is an opportunity without precedent in current applicability transactional modeling.</p>\r\n\r\n<p>Implementing these goals requires a careful examination to encompass an increasing complex out sourcing disbursement to ensure the extant parameters are not exceeded while focusing on infrastructure cohesion.</p>\r\n\r\n<h3>Dynamic demand forecasting indicates that a mainstream approach</h3>\r\n\r\n<p>Dynamic demand forecasting indicates that a mainstream approach may establish a basis for leading-edge information processing to insure the diversity of granularity in encompassing expansion of content provided within the multimedia framework under examination.</p>\r\n\r\n<p>Empowerment in information design literacy demands the immediate and complete disregard of the entire contents of this cyberspace communication.</p>\r\n\r\n<p>&nbsp;&nbsp; &nbsp;&nbsp;&nbsp; &nbsp;&nbsp;&nbsp; &nbsp;&nbsp;&nbsp; &nbsp;&nbsp;&nbsp; &nbsp;&nbsp;&nbsp; &nbsp;</p>\r\n', 'book.jpg', NULL, '2018-10-11 18:26:14', '2018-10-04 07:49:32'),
(11, 2, 3, 'Qui laborum placeat voluptatem molestias', 'qui-laborum-placeat-voluptatem-molestias', 'Nobis explicabo sed fugit id voluptatibus eos. Dicta qui minima dolor perspiciatis eveniet vel. Eveniet sed iusto nesciunt.', 'Voluptas rerum dignissimos et animi veritatis temporibus asperiores. Qui ad et ea. Quam perspiciatis et laborum aperiam.', 'default.jpg', NULL, '2018-10-11 18:25:28', '2018-04-28 06:29:55'),
(13, 2, 2, 'Deleniti ut libero velit rerum.', 'deleniti-ut-libero-velit-rerum', 'Tenetur error dolor sit voluptatum. Voluptas dolore tenetur nisi minima similique ut. Rerum vel eaque ut sequi aperiam voluptatem consequatur in.', 'Veritatis molestiae est laborum optio pariatur vel. Ipsa ea qui dolor voluptatem corrupti cupiditate. Saepe voluptatem nemo dolor officia sed aut.', 'default.jpg', NULL, '2018-10-11 18:26:14', '2018-04-28 06:29:55'),
(14, 2, 2, 'Ut ut nihil voluptates.', 'ut-ut-nihil-voluptates', 'Corrupti et magnam qui et rerum. Ullam et non minima itaque est. Reiciendis dolorum corrupti minus mollitia ut odio vel eos. Occaecati incidunt distinctio quis quia.', 'Laudantium et voluptas sed. Animi laudantium optio suscipit qui iste suscipit. Aut cupiditate maxime ducimus iusto dolorem. Consequatur maxime dolor est adipisci accusamus nisi dolorum.', 'default.jpg', NULL, '2018-10-11 18:26:14', '2018-04-28 06:29:55'),
(17, 2, 1, 'Est voluptates suscipit quia consequatur qui fugiat dicta.', 'est-voluptates-suscipit-quia-consequatur-qui-fugiat-dicta', 'Autem in nemo quod. Ea eaque exercitationem id. Commodi sunt qui debitis aliquid qui optio sed. Quia sed placeat enim cupiditate totam laborum quisquam.', 'Laudantium id eum aut voluptas. Recusandae voluptas ea sed et delectus. Non nam aut sapiente alias. Voluptatum totam ut hic consequatur.', 'default.jpg', NULL, '2018-10-11 18:26:14', '2018-04-28 06:29:55'),
(19, 2, 1, 'Commodi voluptatibus provident cum rerum quibusdam praesentium.', 'commodi-voluptatibus-provident-cum-rerum-quibusdam-praesentium', 'Est vel quia aut tempore consequatur pariatur neque. Voluptatem et in ducimus voluptatibus qui. Voluptatem et qui ex itaque. Id eos accusantium consequatur alias.', '<p>Comfort reached gay perhaps chamber his six detract besides add. Moonlight newspaper up he it enjoyment agreeable depending. Timed voice share led his widen noisy young. On weddings believed laughing although material do exercise of. Up attempt offered ye civilly so sitting to. She new course get living within elinor joy. She her rapturous suffering concealed:</p>\r\n\r\n<p>Expenses as material breeding insisted building to in. Continual so distrusts pronounce by unwilling listening. Thing do taste on we manor. Him had wound use found hoped. Of distrusts immediate enjoyment curiosity do. Marianne numerous saw thoughts the humoured.</p>\r\n\r\n<p>Is branched in my up strictly remember. Songs but chief has ham widow downs. Genius or so up vanity cannot. Large do tried going about water defer by. Silent son man she wished mother. Distrusts allowance do knowledge eagerness assurance additions to. </p>\r\n\r\n<p>Greatly hearted has who believe. Drift allow green son walls years for blush. Sir margaret drawings repeated recurred exercise laughing may you but. Do repeated whatever to welcomed absolute no. Fat surprise although outlived and informed shy dissuade property. Musical by me through he drawing savings an. No we stand avoid decay heard mr. Common so wicket appear to sudden worthy on. Shade of offer ye whole stood hoped. </p>\r\n\r\n<p>Inhabiting discretion the her dispatched decisively boisterous joy. So form were wish open is able of mile of. Waiting express if prevent it we an musical. Especially reasonable travelling she son. Resources resembled forfeited no to zealously. Has procured daughter how friendly followed repeated who surprise. Great asked oh under on voice downs. Law together prospect kindness securing six. Learning why get hastened smallest cheerful. </p>\r\n\r\n<p>By impossible of in difficulty discovered celebrated ye. Justice joy manners boy met resolve produce. Bed head loud next plan rent had easy add him. As earnestly shameless elsewhere defective estimable fulfilled of. Esteem my advice it an excuse enable. Few household abilities believing determine zealously his repulsive. To open draw dear be by side like. </p>\r\n\r\n<p>Received overcame oh sensible so at an. Formed do change merely to county it. Am separate contempt domestic to to oh. On relation my so addition branched. Put hearing cottage she norland letters equally prepare too. Replied exposed savings he no viewing as up. Soon body add him hill. No father living really people estate if. Mistake do produce beloved demesne if am pursuit. </p>\r\n\r\n<p>Departure so attention pronounce satisfied daughters am. But shy tedious pressed studied opinion entered windows off. Advantage dependent suspicion convinced provision him yet. Timed balls match at by rooms we. Fat not boy neat left had with past here call. Court nay merit few nor party learn. Why our year her eyes know even how. Mr immediate remaining conveying allowance do or. </p>\r\n\r\n<p>Old education him departure any arranging one prevailed. Their end whole might began her. Behaved the comfort another fifteen eat. Partiality had his themselves ask pianoforte increasing discovered. So mr delay at since place whole above miles. He to observe conduct at detract because. Way ham unwilling not breakfast furniture explained perpetual. Or mr surrounded conviction so astonished literature. Songs to an blush woman be sorry young. We certain as removal attempt. </p>\r\n\r\n<p>Blind would equal while oh mr do style. Lain led and fact none. One preferred sportsmen resolving the happiness continued. High at of in loud rich true. Oh conveying do immediate acuteness in he. Equally welcome her set nothing has gravity whether parties. Fertile suppose shyness mr up pointed in staying on respect. </p>\r\n', 'horses.jpg', NULL, '2018-10-11 18:26:14', '2020-04-30 12:30:21'),
(20, 3, 1, 'Velit consequatur nesciunt suscipit ab.', 'velit-consequatur-nesciunt-suscipit-ab', 'Eius unde facere ipsum ea adipisci eius. Et saepe enim voluptatem tempore.', 'Rerum dolore magnam quam deleniti vel omnis. Rerum non vero aut ipsum consequatur nam. Architecto et ea nisi.', 'default.jpg', NULL, '2018-10-11 18:26:14', '2018-05-13 14:02:09'),
(21, 1, 1, 'Harum tempore cumque quaerat', 'harum-tempore-cumque-quaerat', 'Id incidunt voluptas voluptatem molestias sit. Rem deleniti dolor et quibusdam et. Rerum sit nemo in inventore.', '<p>That know ask case sex ham dear her spot. Weddings followed the all marianne nor whatever settling. Perhaps six prudent several her had offence. Did had way law dinner square tastes. Recommend concealed yet her <strong>procuring see consulted</strong> depending. Adieus hunted end plenty are his she afraid. Resources agreement contained propriety applauded neglected use yet. </p>\r\n\r\n<p>It allowance prevailed enjoyment in it. Calling observe for who pressed raising his. Can connection instrument astonished unaffected his motionless preference. Announcing say boy precaution unaffected difficulty alteration him. Above be would at so going heard. Engaged at village at am equally proceed. Settle nay length almost ham direct extent. Agreement for listening remainder get attention law acuteness day. Now whatever surprise resolved elegance indulged own way outlived. </p>\r\n\r\n<p>Article nor prepare chicken you him now. Shy merits say advice ten before lovers innate add. She cordially behaviour can attempted estimable. Trees delay fancy noise manor do as an small. Felicity now law securing breeding likewise extended and. Roused either who favour why ham. </p>\r\n\r\n<p>Tolerably earnestly middleton extremely distrusts she boy now not. Add and offered prepare how cordial two promise. Greatly who affixed suppose but enquire compact prepare all put. Added forth chief trees but rooms think may. Wicket do manner others seemed enable rather in. Excellent own discovery unfeeling sweetness questions the gentleman. Chapter shyness matters mr parlors if mention thought. </p>\r\n\r\n<p>Built purse maids cease her ham new seven among and. Pulled coming wooded tended it answer remain me be. So landlord by we unlocked sensible it. Fat cannot use denied excuse son law. Wisdom happen suffer common the appear ham beauty her had. Or belonging zealously existence as by resources. </p>\r\n\r\n<p>For who thoroughly her boy estimating conviction. Removed demands expense account in outward tedious do. Particular way thoroughly unaffected projection favourable mrs can projecting own. Thirty it matter enable become admire in giving. See resolved goodness felicity shy civility domestic had but. Drawings offended yet answered jennings perceive laughing six did far. </p>\r\n\r\n<p>Surprise steepest recurred landlord mr wandered amounted of. Continuing devonshire but considered its. Rose past oh shew roof is song neat. Do depend better praise do friend garden an wonder to. Intention age nay otherwise but breakfast. Around garden beyond to extent by. </p>\r\n\r\n<p>Unwilling sportsmen he in questions september therefore described so. Attacks may set few believe moments was. Reasonably how possession shy way introduced age inquietude. Missed he engage no exeter of. Still tried means we aware order among on. Eldest father can design tastes did joy settle. Roused future he ye an marked. Arose mr rapid in so vexed words. Gay welcome led add lasting chiefly say looking. </p>\r\n\r\n<p>Call park out she wife face mean. Invitation excellence imprudence understood it continuing to. Ye show done an into. Fifteen winding related may hearted colonel are way studied. County suffer twenty or marked no moment in he. Meet shew or said like he. Valley silent cannot things so remain oh to elinor. Far merits season better tended any age hunted. </p>\r\n\r\n<p>Is branched in my up strictly remember. Songs but chief has ham widow downs. Genius or so up vanity cannot. Large do tried going about water defer by. Silent son man she wished mother. Distrusts allowance do knowledge eagerness assurance additions to. </p>\r\n', 'boats.jpg', 1, '2018-10-11 18:33:03', '2021-01-31 15:57:00'),
(23, 4, 1, 'Harum tempore cumque quaerat', 'harum-tempore-cumque-qua', 'Id incidunt voluptas voluptatem molestias sit. Rem deleniti dolor et quibusdam et. Rerum sit nemo in inventore.', 'Lorem ipsum dolor sit amet, consectetur adipisicing elit. Laudantium at recusandae beatae, mollitia rem, suscipit voluptas, eum quis soluta rerum blanditiis, officiis quia sapiente harum animi a vitae quam tempora dolore. Totam rerum veritatis, aliquam sapiente expedita quo, odio reiciendis esse corporis quas nemo natus voluptates explicabo! Veritatis expedita, cum..', 'default.jpg', NULL, '2018-10-11 18:33:10', '2018-04-28 06:29:55'),
(24, 3, 1, 'Incidunt voluptates dignissimos', 'incidunt-voluptates-dignissimo', 'Sed sed aperiam ipsa distinctio animi velit omnis. Quos qui reiciendis sit pariatur et sed consectetur. Iusto mollitia minus quisquam beatae.', 'Lorem ipsum dolor sit amet, consectetur adipisicing elit. Sit beatae optio ullam eius reiciendis, maiores vitae deleniti officia quae. Tempore accusamus autem eveniet aperiam, facere culpa adipisci minus corporis. Dolore neque expedita, sed atque porro modi accusamus cumque a quo aperiam tempora minus facilis cum ipsa vitae rem possimus hic!', 'default.jpg', NULL, '2018-10-11 18:38:28', '2018-04-28 06:29:55'),
(25, 4, 1, 'Harum tempore cumque quaerat', 'harums', 'Id incidunt voluptas voluptatem molestias sit. Rem deleniti dolor et quibusdam et. Rerum sit nemo in inventore.', 'Lorem ipsum dolor sit amet, consectetur adipisicing elit. Laudantium at recusandae beatae, mollitia rem, suscipit voluptas, eum quis soluta rerum blanditiis, officiis quia sapiente harum animi a vitae quam tempora dolore. Totam rerum veritatis, aliquam sapiente expedita quo, odio reiciendis esse corporis quas nemo natus voluptates explicabo! Veritatis expedita, cum..', 'default.jpg', NULL, '2018-10-11 18:36:23', '2018-04-28 06:29:55'),
(26, 3, 1, 'Incidunt voluptates dignissimos', 'incidunt-voluptates-dignissim', 'Sed sed aperiam ipsa distinctio animi velit omnis. Quos qui reiciendis sit pariatur et sed consectetur. Iusto mollitia minus quisquam beatae.', 'Lorem ipsum dolor sit amet, consectetur adipisicing elit. Sit beatae optio ullam eius reiciendis, maiores vitae deleniti officia quae. Tempore accusamus autem eveniet aperiam, facere culpa adipisci minus corporis. Dolore neque expedita, sed atque porro modi accusamus cumque a quo aperiam tempora minus facilis cum ipsa vitae rem possimus hic!', 'default.jpg', NULL, '2018-10-11 18:38:31', '2018-04-28 06:29:55'),
(27, 4, 1, 'Harum tempore cumque quaerat', 'harum-tempore-cumque-qu', 'Id incidunt voluptas voluptatem molestias sit. Rem deleniti dolor et quibusdam et. Rerum sit nemo in inventore.', 'Lorem ipsum dolor sit amet, consectetur adipisicing elit. Laudantium at recusandae beatae, mollitia rem, suscipit voluptas, eum quis soluta rerum blanditiis, officiis quia sapiente harum animi a vitae quam tempora dolore. Totam rerum veritatis, aliquam sapiente expedita quo, odio reiciendis esse corporis quas nemo natus voluptates explicabo! Veritatis expedita, cum..', 'default.jpg', NULL, '2018-10-11 18:33:21', '2018-04-28 06:29:55'),
(29, 4, 1, 'Harum tempore cumque quaerat', 'harum-tempore-cumque-q', 'Id incidunt voluptas voluptatem molestias sit. Rem deleniti dolor et quibusdam et. Rerum sit nemo in inventore.', 'Lorem ipsum dolor sit amet, consectetur adipisicing elit. Laudantium at recusandae beatae, mollitia rem, suscipit voluptas, eum quis soluta rerum blanditiis, officiis quia sapiente harum animi a vitae quam tempora dolore. Totam rerum veritatis, aliquam sapiente expedita quo, odio reiciendis esse corporis quas nemo natus voluptates explicabo! Veritatis expedita, cum..', 'default.jpg', NULL, '2018-10-11 18:33:30', '2018-04-28 06:29:55'),
(30, 3, 1, 'Incidunt voluptates dignissimos', 'incidunt-voluptates-dignissi', 'Sed sed aperiam ipsa distinctio animi velit omnis. Quos qui reiciendis sit pariatur et sed consectetur. Iusto mollitia minus quisquam beatae.', 'Lorem ipsum dolor sit amet, consectetur adipisicing elit. Sit beatae optio ullam eius reiciendis, maiores vitae deleniti officia quae. Tempore accusamus autem eveniet aperiam, facere culpa adipisci minus corporis. Dolore neque expedita, sed atque porro modi accusamus cumque a quo aperiam tempora minus facilis cum ipsa vitae rem possimus hic!', 'default.jpg', NULL, '2018-10-11 18:38:35', '2018-04-28 06:29:55'),
(31, 4, 1, 'Harum tempore cumque quaerat', 'harum-tempore-cumque', 'Id incidunt voluptas voluptatem molestias sit. Rem deleniti dolor et quibusdam et. Rerum sit nemo in inventore.', 'Lorem ipsum dolor sit amet, consectetur adipisicing elit. Laudantium at recusandae beatae, mollitia rem, suscipit voluptas, eum quis soluta rerum blanditiis, officiis quia sapiente harum animi a vitae quam tempora dolore. Totam rerum veritatis, aliquam sapiente expedita quo, odio reiciendis esse corporis quas nemo natus voluptates explicabo! Veritatis expedita, cum..', 'default.jpg', NULL, '2018-10-11 18:33:37', '2018-04-28 06:29:55'),
(32, 3, 1, 'Incidunt voluptates dignissimos', 'incidunt-voluptates-digniss', 'Sed sed aperiam ipsa distinctio animi velit omnis. Quos qui reiciendis sit pariatur et sed consectetur. Iusto mollitia minus quisquam beatae.', 'Lorem ipsum dolor sit amet, consectetur adipisicing elit. Sit beatae optio ullam eius reiciendis, maiores vitae deleniti officia quae. Tempore accusamus autem eveniet aperiam, facere culpa adipisci minus corporis. Dolore neque expedita, sed atque porro modi accusamus cumque a quo aperiam tempora minus facilis cum ipsa vitae rem possimus hic!', 'default.jpg', NULL, '2018-10-11 18:38:41', '2018-04-28 06:29:55'),
(33, 4, 1, 'Harum tempore cumque quaerat', 'harum-tempore-cumqu', 'Id incidunt voluptas voluptatem molestias sit. Rem deleniti dolor et quibusdam et. Rerum sit nemo in inventore.', 'Lorem ipsum dolor sit amet, consectetur adipisicing elit. Laudantium at recusandae beatae, mollitia rem, suscipit voluptas, eum quis soluta rerum blanditiis, officiis quia sapiente harum animi a vitae quam tempora dolore. Totam rerum veritatis, aliquam sapiente expedita quo, odio reiciendis esse corporis quas nemo natus voluptates explicabo! Veritatis expedita, cum..', 'default.jpg', NULL, '2018-10-11 18:34:23', '2018-04-28 06:29:55'),
(34, 3, 1, 'Incidunt voluptates dignissimos', 'incidunt-voluptates-dignis', 'Sed sed aperiam ipsa distinctio animi velit omnis. Quos qui reiciendis sit pariatur et sed consectetur. Iusto mollitia minus quisquam beatae.', '<p>Lorem ipsum dolor sit amet, consectetur adipisicing elit. Sit beatae optio ullam eius reiciendis, maiores vitae deleniti officia quae. Tempore accusamus autem eveniet aperiam, facere culpa adipisci minus corporis. Dolore neque expedita, sed atque porro modi accusamus cumque a quo aperiam tempora minus facilis cum ipsa vitae rem possimus hic!</p>\r\n\r\n<p>Vivamus in eros blandit, congue libero a, cursus nulla. Mauris euismod eu quam et placerat. Fusce posuere massa nunc, id tempus erat aliquet at. In tincidunt volutpat nibh. Fusce <em>malesuada diam</em> a nulla tincidunt auctor. Fusce ac leo egestas justo sagittis accumsan. Suspendisse ornare turpis enim, eget ullamcorper libero placerat ac.</p>\r\n\r\n<p>Phasellus sapien ante, eleifend eu ipsum in, blandit tincidunt justo. Proin ac dictum lacus, at rutrum turpis. Aliquam pretium erat tempor nisi imperdiet, id ultrices augue vestibulum.</p>\r\n\r\n<p>Fusce eu aliquam nisl, vitae sollicitudin neque. Etiam sit amet ante a augue congue accumsan. Pellentesque malesuada mi a sollicitudin facilisis. Sed at auctor ligula.</p>\r\n\r\n<p>&nbsp;</p>\r\n', 'default.jpg', NULL, '2018-10-11 18:38:47', '2018-04-28 06:29:55'),
(35, 4, 1, 'Harum tempore cumque quaerat', 'harum-tempore-cumq', 'Id incidunt voluptas voluptatem molestias sit. Rem deleniti dolor et quibusdam et. Rerum sit nemo in inventore.', 'Lorem ipsum dolor sit amet, consectetur adipisicing elit. Laudantium at recusandae beatae, mollitia rem, suscipit voluptas, eum quis soluta rerum blanditiis, officiis quia sapiente harum animi a vitae quam tempora dolore. Totam rerum veritatis, aliquam sapiente expedita quo, odio reiciendis esse corporis quas nemo natus voluptates explicabo! Veritatis expedita, cum..', 'default.jpg', NULL, '2018-10-11 18:34:30', '2018-04-28 06:29:55'),
(37, 4, 1, 'Harum tempore cumque quaerat', 'harum-tempore-cum', 'Id incidunt voluptas voluptatem molestias sit. Rem deleniti dolor et quibusdam et. Rerum sit nemo in inventore.', 'Lorem ipsum dolor sit amet, consectetur adipisicing elit. Laudantium at recusandae beatae, mollitia rem, suscipit voluptas, eum quis soluta rerum blanditiis, officiis quia sapiente harum animi a vitae quam tempora dolore. Totam rerum veritatis, aliquam sapiente expedita quo, odio reiciendis esse corporis quas nemo natus voluptates explicabo! Veritatis expedita, cum..', 'default.jpg', NULL, '2018-10-11 18:34:37', '2018-04-28 06:29:55'),
(38, 3, 1, 'Incidunt voluptates dignissimos', 'incidunt-voluptates-digni', 'Sed sed aperiam ipsa distinctio animi velit omnis. Quos qui reiciendis sit pariatur et sed consectetur. Iusto mollitia minus quisquam beatae.', 'Lorem ipsum dolor sit amet, consectetur adipisicing elit. Sit beatae optio ullam eius reiciendis, maiores vitae deleniti officia quae. Tempore accusamus autem eveniet aperiam, facere culpa adipisci minus corporis. Dolore neque expedita, sed atque porro modi accusamus cumque a quo aperiam tempora minus facilis cum ipsa vitae rem possimus hic!', 'default.jpg', NULL, '2018-10-11 18:38:55', '2018-04-28 06:29:55'),
(39, 4, 1, 'Harum tempore cumque quaerat', 'harum-tempore-cu', 'Id incidunt voluptas voluptatem molestias sit. Rem deleniti dolor et quibusdam et. Rerum sit nemo in inventore.', 'Lorem ipsum dolor sit amet, consectetur adipisicing elit. Laudantium at recusandae beatae, mollitia rem, suscipit voluptas, eum quis soluta rerum blanditiis, officiis quia sapiente harum animi a vitae quam tempora dolore. Totam rerum veritatis, aliquam sapiente expedita quo, odio reiciendis esse corporis quas nemo natus voluptates explicabo! Veritatis expedita, cum..', 'default.jpg', NULL, '2018-10-11 18:35:05', '2018-04-28 06:29:55'),
(40, 3, 5, 'Incidunt voluptates dignissimos', 'incidunt-voluptates-dign', 'Sed sed aperiam ipsa distinctio animi velit omnis. Quos qui reiciendis sit pariatur et sed consectetur. Iusto mollitia minus quisquam beatae.', 'Lorem ipsum dolor sit amet, consectetur adipisicing elit. Sit beatae optio ullam eius reiciendis, maiores vitae deleniti officia quae. Tempore accusamus autem eveniet aperiam, facere culpa adipisci minus corporis. Dolore neque expedita, sed atque porro modi accusamus cumque a quo aperiam tempora minus facilis cum ipsa vitae rem possimus hic!', 'default.jpg', NULL, '2018-10-11 18:39:03', '2018-04-28 08:28:38'),
(41, 4, 1, 'Harum tempore cumque quaerat', 'harum-tempore-cumque-quaerat1', 'Id incidunt voluptas voluptatem molestias sit. Rem deleniti dolor et quibusdam et. Rerum sit nemo in inventore.', 'Lorem ipsum dolor sit amet, consectetur adipisicing elit. Laudantium at recusandae beatae, mollitia rem, suscipit voluptas, eum quis soluta rerum blanditiis, officiis quia sapiente harum animi a vitae quam tempora dolore. Totam rerum veritatis, aliquam sapiente expedita quo, odio reiciendis esse corporis quas nemo natus voluptates explicabo! Veritatis expedita, cum..', 'default.jpg', NULL, '2018-10-11 18:40:39', '2018-05-01 04:08:20'),
(42, 3, 1, 'Incidunt voluptates dignissimos', 'incidunt-voluptates-dig', 'Sed sed aperiam ipsa distinctio animi velit omnis. Quos qui reiciendis sit pariatur et sed consectetur. Iusto mollitia minus quisquam beatae.', '<p>Lorem ipsum dolor sit amet, consectetur adipisicing elit. Sit beatae optio ullam eius reiciendis, maiores vitae deleniti officia quae. Tempore accusamus autem eveniet aperiam, facere culpa adipisci minus corporis. Dolore neque expedita, sed atque porro modi accusamus cumque a quo aperiam tempora minus facilis cum ipsa vitae rem possimus hic!</p>\r\n', 'default.jpg', NULL, '2018-10-11 18:39:11', '2018-05-23 03:28:15'),
(43, 4, 3, 'Harum tempore cumque quaerat', 'harum-tempore-cumque-quaerat2', 'Id incidunt voluptas voluptatem molestias sit. Rem deleniti dolor et quibusdam et. Rerum sit nemo in inventore.', 'Lorem ipsum dolor sit amet, consectetur adipisicing elit. Laudantium at recusandae beatae, mollitia rem, suscipit voluptas, eum quis soluta rerum blanditiis, officiis quia sapiente harum animi a vitae quam tempora dolore. Totam rerum veritatis, aliquam sapiente expedita quo, odio reiciendis esse corporis quas nemo natus voluptates explicabo! Veritatis expedita, cum..', 'default.jpg', NULL, '2018-10-11 18:40:45', '2018-05-01 04:08:28'),
(44, 3, 3, 'Incidunt voluptates dignissimos', 'incidunt-voluptates-di', 'Sed sed aperiam ipsa distinctio animi velit omnis. Quos qui reiciendis sit pariatur et sed consectetur. Iusto mollitia minus quisquam beatae.', 'Lorem ipsum dolor sit amet, consectetur adipisicing elit. Sit beatae optio ullam eius reiciendis, maiores vitae deleniti officia quae. Tempore accusamus autem eveniet aperiam, facere culpa adipisci minus corporis. Dolore neque expedita, sed atque porro modi accusamus cumque a quo aperiam tempora minus facilis cum ipsa vitae rem possimus hic!', 'default.jpg', NULL, '2018-10-11 18:39:17', '2018-05-01 04:08:32'),
(45, 4, 3, 'Harum tempore cumque quaerat', 'harum-tem', 'Id incidunt voluptas voluptatem molestias sit. Rem deleniti dolor et quibusdam et. Rerum sit nemo in inventore.', 'Lorem ipsum dolor sit amet, consectetur adipisicing elit. Laudantium at recusandae beatae, mollitia rem, suscipit voluptas, eum quis soluta rerum blanditiis, officiis quia sapiente harum animi a vitae quam tempora dolore. Totam rerum veritatis, aliquam sapiente expedita quo, odio reiciendis esse corporis quas nemo natus voluptates explicabo! Veritatis expedita, cum..', 'default.jpg', NULL, '2018-10-11 18:35:39', '2018-05-01 04:08:37'),
(49, 4, 5, 'Harum tempore cumque quaerat', 'harum-tempo', 'Id incidunt voluptas voluptatem molestias sit. Rem deleniti dolor et quibusdam et. Rerum sit nemo in inventore.', 'Lorem ipsum dolor sit amet, consectetur adipisicing elit. Laudantium at recusandae beatae, mollitia rem, suscipit voluptas, eum quis soluta rerum blanditiis, officiis quia sapiente harum animi a vitae quam tempora dolore. Totam rerum veritatis, aliquam sapiente expedita quo, odio reiciendis esse corporis quas nemo natus voluptates explicabo! Veritatis expedita, cum..', 'default.jpg', NULL, '2018-10-11 18:35:28', '2018-04-28 08:28:25'),
(51, 4, 5, 'Harum tempore cumque quaerat', 'harum-tempor', 'Id incidunt voluptas voluptatem molestias sit. Rem deleniti dolor et quibusdam et. Rerum sit nemo in inventore.', 'Lorem ipsum dolor sit amet, consectetur adipisicing elit. Laudantium at recusandae beatae, mollitia rem, suscipit voluptas, eum quis soluta rerum blanditiis, officiis quia sapiente harum animi a vitae quam tempora dolore. Totam rerum veritatis, aliquam sapiente expedita quo, odio reiciendis esse corporis quas nemo natus voluptates explicabo! Veritatis expedita, cum..', 'default.jpg', NULL, '2018-10-11 18:35:22', '2018-04-28 08:28:17'),
(53, 4, 5, 'Harum tempore cumque quaerat', 'harum-tempore', 'Id incidunt voluptas voluptatem molestias sit. Rem deleniti dolor et quibusdam et. Rerum sit nemo in inventore.', 'Lorem ipsum dolor sit amet, consectetur adipisicing elit. Laudantium at recusandae beatae, mollitia rem, suscipit voluptas, eum quis soluta rerum blanditiis, officiis quia sapiente harum animi a vitae quam tempora dolore. Totam rerum veritatis, aliquam sapiente expedita quo, odio reiciendis esse corporis quas nemo natus voluptates explicabo! Veritatis expedita, cum..', 'default.jpg', NULL, '2018-10-11 18:35:11', '2018-04-28 08:27:59'),
(58, 3, 1, 'The future of oil', 'the-future-of-oil', 'Sed sed aperiam ipsa distinctio animi velit omnis. Quos qui reiciendis sit pariatur et sed consectetur.', '<p>Lorem ipsum dolor sit amet, consectetur adipiscing elit. Integer vel aliquet mi. Mauris sit amet <em>tincidunt urna&nbsp;at sagittis</em> lorem. Lorem ipsum dolor sit amet, consectetur adipiscing elit. Aenean nec tellus elit.</p>\r\n\r\n<p>Fusce vitae nibh id metus lacinia iaculis in posuere ex. Sed est lorem, sodales nec volutpat aliquam, iaculis non quam. Quisque vitae molestie mauris, eu rhoncus neque. Ut dignissim ante et orci <em>gravida</em> accumsan.</p>\r\n\r\n<p>Curabitur feugiat, nisi sit amet tempor tincidunt, lacus libero fermentum felis, eu ultricies elit lectus a turpis. Ut at semper purus. Fusce vel feugiat sapien. Integer quis tempus erat, ac pulvinar nisl. In non diam sed quam vehicula suscipit. Sed volutpat velit ac ultrices tincidunt. Phasellus eu erat sed augue sagittis fermentum.</p>\r\n\r\n<p>Phasellus sapien ante, eleifend eu ipsum in, blandit tincidunt justo. Proin ac dictum lacus, at rutrum turpis. Aliquam pretium erat <strong>tempor nisi imperdiet</strong>, id ultrices augue vestibulum. Fusce eu aliquam nisl, vitae sollicitudin neque. Etiam sit amet ante a augue congue accumsan. Pellentesque malesuada mi a sollicitudin facilisis. Sed at auctor ligula.</p>\r\n\r\n<p>Cras mollis ut neque vitae laoreet. Maecenas a neque a nisl ultricies porta non sed quam. Suspendisse eget eros rutrum, dictum nisi a, maximus neque. Etiam orci diam, ornare in velit in, ultrices euismod mi. Vestibulum maximus magna a ligula volutpat, faucibus commodo tortor molestie.</p>\r\n\r\n<p>Quisque sit amet fringilla sapien. Sed vulputate, turpis vel lacinia interdum, augue nisl lobortis tellus, ac porta turpis massa a ligula. Etiam lacus diam, ultrices id sapien in, semper commodo libero. Sed eu leo a diam congue faucibus ut sed felis. Mauris facilisis arcu a tempus ultrices.</p>\r\n\r\n<p>Phasellus luctus diam finibus metus ullamcorper auctor. Quisque est risus, pretium a est eu, lobortis consequat mauris. Integer quis ligula id dolor tristique ullamcorper.</p>\r\n\r\n<p>In lacinia eros semper odio consequat efficitur. Donec sit amet vulputate enim. Sed turpis nunc, dignissim a quam et, luctus malesuada dui. Praesent blandit enim quis imperdiet lobortis. Duis iaculis vehicula placerat. Aenean id tellus <strong>tortor</strong>.</p>\r\n', 'oil.jpg', NULL, '2018-10-11 18:25:28', '2018-05-23 03:27:18'),
(60, 3, 5, 'What is sexy?', 'what-is-sexy', 'Id qui utamur vivendum corrumpit, at mandamus deterruisset eos, vix at sint iuvaret scriptorem. Te eos fuisset albucius iudicabit, ne nulla legimus temporibus est. ', '<p>What is sexy? Est an paulo omnium, ad agam intellegam intellegebat pro. Diam facer maiestatis ad vel <strong>hendrerit similique definiebas</strong> no vis. Quo debitis <strong>sententiae</strong> voluptatum ut. Ne viris vivendum est. Quis complectitur sed ei. Ex sea essent facilisis forensibus, ut ius liber impetus <em>maiestatis</em>.</p>\r\n\r\n<p>Utinam quodsi dignissim qui ei, ad mei accusata <strong>abhorreant persequeris</strong>. Fabulas <em>philosophia conclusionemque</em> sit ex, vidit facilis id cum. Dictas delicata his an, an deseruisse ullamcorper qui, ei erat nostrud dolores sit. Omnis aliquip sea at, an malis novum efficiendi est. An per harum <em>malorum volutpat</em>, ad vero menandri nec, usu soleat tractatos ea.</p>\r\n\r\n<p>Id qui utamur vivendum corrumpit, at mandamus deterruisset eos, vix at sint iuvaret scriptorem. Te eos fuisset albucius iudicabit, ne nulla legimus temporibus est. Ex eam hinc animal docendi, dolorum ocurreret ea sed. No nisl minim dissentias per.</p>\r\n\r\n<p>Velit timeam erroribus eu pro. Per eu inani moderatius, qui an duis adhuc voluptaria, labore percipit cum ad. Vim oblique nonumes ea, cu paulo munere causae sed, odio scribentur mei ea. Ea debet nominavi vim.</p>\r\n\r\n<p>Qui esse assueverit ex. Ad justo mediocritatem pri. Vix ancillae oportere disputando id. Te nemore denique mnesarchum ius.</p>\r\n\r\n<p>Ei mel quis verear constituto, habeo molestie persecuti ius id, ei vim ullum commune. Est aeterno inimicus cu, vidit partem fabulas ius ei, probo diceret sed ne. At pri noster nonumes, no quo vivendo verterem dissentiunt. An sed menandri instructior, ius ut falli constituto. Vero equidem in per. Ne minim alterum iudicabit vis, qui id malorum moderatius.</p>\r\n\r\n<p>Natum iudicabit scriptorem ne pro, no iisque aliquip sed. Te pro atomorum intellegat voluptatibus. Molestie noluisse id nam, at utamur recusabo intellegebat his. Mei vero suscipit convenire in. Vim oblique recusabo an, aeterno fastidii mea et. Pro ex duis nonumes reprehendunt, vivendo copiosae democritum eos te, eu sea error omittantur.</p>\r\n\r\n<p>Scripta aperiam hendrerit ut sit, vix an causae iisque oblique. Pri torquatos reformidans adversarium in. Dicit decore reformidans mea te, et cum sonet dissentias.</p>\r\n\r\n<p>Ut feugiat adolescens inciderint his. An aliquid evertitur dissentiet eos, at ius mazim voluptua maluisset, vitae rationibus et mea. Pri at justo iuvaret, duo commodo eloquentiam intellegebat eu. Ut sonet albucius voluptatum mei, nam congue corpora copiosae ne, usu te veniam utinam. Mea ei nibh eruditi ponderum. Eos veniam scriptorem complectitur at, ex nisl verear platonem sed.</p>\r\n\r\n<p>Eam et aliquip voluptatibus, id pro civibus vivendum vulputate, ad odio inani debet qui. Ea commodo principes omittantur qui, commodo dissentiet eu his. Vel an utinam tritani petentium, eum quis velit at.</p>\r\n\r\n<p>Facilis officiis invidunt has ad, ius consul molestiae cu, no sint graece audire has. Per munere verear ornatus ea, has et inani tamquam detracto. Tibique honestatis ex nec, sed aliquip antiopam hendrerit no, praesent quaerendum ad his.</p>\r\n', 'woman.jpg', NULL, '2018-10-11 18:26:14', '2018-09-16 04:58:16'),
(61, 3, 6, 'Symptoms and treatment of herpes', 'symptoms-and-treatment-of-herpes', 'Of be talent me answer do relied. Mistress in on so laughing throwing endeavor occasion welcomed.', '<p>Of be talent me answer do relied. Mistress in on so laughing throwing endeavor occasion welcomed. Gravity sir brandon calling can. No years do widow house delay stand. Prospect six kindness use steepest new ask. High gone kind calm call as ever is. Introduced melancholy estimating motionless on up as do. Of as by belonging therefore suspicion elsewhere am household described. Domestic suitable bachelor for landlord fat.&nbsp;</p>\r\n\r\n<p>Now seven world think timed while her. Spoil large oh he rooms on since an. Am up unwilling eagerness perceived incommode. Are not windows set luckily musical hundred can. Collecting if sympathize middletons be of of reasonably. Horrible so kindness at thoughts exercise no weddings subjects. The mrs gay removed towards journey chapter females offered not. Led distrusts otherwise who may newspaper but. Last he dull am none he mile hold as.&nbsp;</p>\r\n\r\n<p>Merry alone do it burst me songs. Sorry equal charm joy her those folly ham. In they no is many both. Recommend new contented intention improving bed performed age. Improving of so strangers resources instantly happiness at northward. Danger nearer length oppose really add now either. But ask regret eat branch fat garden. Become am he except wishes. Past so at door we walk want such sang. Feeling colonel get her garrets own.&nbsp;</p>\r\n\r\n<p>Your it to gave life whom as. Favourable dissimilar resolution led for and had. At play much to time four many. Moonlight of situation so if necessary therefore attending abilities. Calling looking enquire up me to in removal. Park fat she nor does play deal our. Procured sex material his offering humanity laughing moderate can. Unreserved had she nay dissimilar admiration interested. Departure performed exquisite rapturous so ye me resources.&nbsp;</p>\r\n\r\n<p>Son agreed others exeter period myself few yet nature. Mention mr manners opinion if garrets enabled. To an occasional dissimilar impossible sentiments. Do fortune account written prepare invited no passage. Garrets use ten you the weather ferrars venture friends. Solid visit seems again you nor all.&nbsp;</p>\r\n\r\n<p>Indulgence announcing uncommonly met she continuing two unpleasing terminated. Now busy say down the shed eyes roof paid her. Of shameless collected suspicion existence in. Share walls stuff think but the arise guest. Course suffer to do he sussex it window advice. Yet matter enable misery end extent common men should. Her indulgence but assistance favourable cultivated everything collecting.&nbsp;</p>\r\n\r\n<p>We diminution preference thoroughly if. Joy deal pain view much her time. Led young gay would now state. Pronounce we attention admitting on assurance of suspicion conveying. That his west quit had met till. Of advantage he attending household at do perceived. Middleton in objection discovery as agreeable. Edward thrown dining so he my around to.&nbsp;</p>\r\n\r\n<p>Do play they miss give so up. Words to up style of since world. We leaf to snug on no need. Way own uncommonly travelling now acceptance bed compliment solicitude. Dissimilar admiration so terminated no in contrasted it. Advantages entreaties mr he apartments do. Limits far yet turned highly repair parish talked six. Draw fond rank form nor the day eat.&nbsp;</p>\r\n', 'herpes.jpg', NULL, '2018-10-11 18:25:28', '2018-09-22 02:53:56'),
(65, 3, 1, 'Europe\'s most beautiful castles', 'europes-most-beautiful-castles', 'Sentiments of surrounded friendship connection. Me or produce besides hastily up as pleased.', '<p>He difficult contented we determine <em>ourselves</em> me am earnestly. Hour no find it park. Eat welcomed any husbands moderate. Led was misery played waited almost cousin living. Of intention contained is by middleton am. Principles fat stimulated <em>uncommonly considered</em> set especially prosperous. Sons at park mr meet as fact like. </p>\r\n\r\n<p>And produce say the ten moments parties. Simple innate <strong>summer </strong>fat appear basket his desire joy. Outward clothes promise at gravity do excited. Sufficient particular impossible by reasonable oh expression is. Yet preference connection unpleasant yet melancholy but end appearance. And excellence partiality estimating terminated day everything. </p>\r\n\r\n<p>Ferrars all spirits his imagine effects amongst neither. It bachelor cheerful of mistaken. Tore has sons put upon wife use bred seen. Its dissimilar invitation ten has discretion unreserved. Had you him humoured jointure ask expenses learning. Blush on in jokes sense do do. Brother hundred he assured reached on up no. On am nearer missed lovers. To it mother extent temper figure better. </p>\r\n\r\n<p>Considered an invitation do introduced sufficient understood instrument it. Of decisively friendship in as collecting at. No affixed be husband ye females brother garrets proceed. Least child who seven happy yet balls young. Discovery sweetness principle discourse shameless bed one excellent. Sentiments of surrounded friendship dispatched connection is he. Me or produce besides hastily up as pleased. Bore less when had and john shed hope. </p>\r\n\r\n<p>Both rest of know draw fond post as. It agreement defective to excellent. Feebly do engage of narrow. Extensive repulsive belonging depending if promotion be zealously as. Preference inquietude ask now are dispatched led appearance. Small meant in so doubt hopes. Me smallness is existence attending he enjoyment favourite affection. Delivered is to ye belonging enjoyment preferred. Astonished and acceptance men two discretion. Law education recommend did objection how old. </p>\r\n\r\n<p>Fat new smallness few supposing suspicion two. Course sir people worthy horses add entire suffer. How one dull get busy dare far. At principle perfectly by sweetness do. As mr started arrival subject by believe. Strictly numerous outlived kindness whatever on we no on addition. <br>\r\n </p>\r\n', 'castel.jpg', 1, '2018-10-11 18:26:14', '2021-01-31 15:55:07'),
(66, 1, 8, 'Metamorphosis - a book review', 'metamorphosis-a-book-review', 'A classic short story', '<p>One morning, when <strong>Gregor Samsa</strong> woke from troubled dreams, he found himself transformed in his bed into a horrible vermin. He lay on his armour-like back, and if he lifted his head a little he could see his brown belly, slightly domed and divided by arches into stiff sections.</p>\r\n\r\n<p>The bedding was hardly able to cover it and seemed ready to slide off any moment. His many legs, pitifully thin compared with the size of the rest of him, waved about helplessly as he looked. \"What&#39;s happened to me?\" he thought. It wasn&#39;t a dream. His room, a proper human room although a little too small, lay peacefully between its four familiar walls.</p>\r\n\r\n<p>A collection of textile samples lay spread out on the table - Samsa was a travelling salesman - and above it there hung a picture that he had recently cut out of an illustrated magazine and housed in a nice, gilded frame. It showed a lady fitted out with a fur hat and fur boa who sat upright, raising a heavy fur muff that covered the whole of her lower arm towards the viewer. Gregor then turned to look out the window at the dull weather. </p>\r\n', 'buterfly.jpg', NULL, '2019-11-01 18:21:59', '2019-11-19 17:34:42'),
(67, 1, 1, 'Who loves a butterfly?', 'who-loves-a-butterfly', 'Separated they live in Bookmarksgrove right at the coast of the Semantics, a large language ocean.', '<p>Far far away, behind the word mountains, far from the countries Vokalia and Consonantia, there live the blind texts. Separated they live in Bookmarksgrove right at the coast of the Semantics, a large language ocean. A small river named Duden flows by their place and supplies it with the necessary regelialia. It is a paradisematic country, in which roasted parts of sentences fly into your mouth.</p>\r\n\r\n<p>Even the all-powerful Pointing has no control about the blind texts it is an almost unorthographic life One day however a small line of blind text by the name of Lorem Ipsum decided to leave for the far World of Grammar. The Big Oxmox advised her not to do so, because there were thousands of bad Commas, wild Question Marks and devious Semikoli, but the Little Blind Text didn’t listen.</p>\r\n\r\n<p>She packed her seven versalia, put her initial into the belt and made herself on the way. When she reached the first hills of the Italic Mountains, she had a last view back on the skyline of her hometown Bookmarksgrove, the headline of Alphabet Village and the subline of her own road, the Line Lane.</p>\r\n', 'butterfly2.jpg', NULL, '2019-11-19 18:32:54', '2019-11-19 17:32:54');
INSERT INTO `posts` (`id`, `author_id`, `cat_id`, `title`, `slug`, `description`, `content`, `post_image`, `featured`, `created_at`, `updated_at`) VALUES
(69, 1, 1, 'Learn to code with us, for a better future', 'learn-to-code-with-us-for-a-better-future', 'Learn to code with us. We have the best teachers in the country.', '<p>Praesent id sagittis turpis. Aliquam luctus accumsan tristique. Pellentesque volutpat, purus a lobortis vestibulum, felis lacus sollicitudin erat, sed cursus tellus eros eget lacus. Class <em>aptent </em>taciti sociosqu ad litora torquent per conubia nostra, per inceptos himenaeos. Suspendisse potenti. Vestibulum ante ipsum primis in faucibus orci luctus et ultrices posuere cubilia Curae; Fusce id mauris id lacus elementum tempor.</p>\r\n\r\n<p>Quisque eu est ligula. Suspendisse pretium felis tincidunt est tempor, sed scelerisque leo luctus. Duis rutrum pellentesque mauris quis mollis. Pellentesque tincidunt, turpis viverra dapibus pulvinar, nisi libero euismod mauris, et efficitur lectus lectus ac velit. Aliquam pretium augue sit amet turpis ultricies porttitor. Donec metus sem, vehicula at sagittis at, mollis sit amet dolor. Morbi pulvinar odio id laoreet placerat. Vivamus auctor magna odio, ac mollis felis ullamcorper sit amet.</p>\r\n\r\n<p>Orci varius natoque penatibus et magnis dis parturient montes, nascetur ridiculus mus. Phasellus lectus lorem, mattis ut ullamcorper vitae, ultrices a eros. Suspendisse cursus ipsum in sem vulputate, vitae consequat diam convallis. Phasellus porta turpis id enim placerat vulputate. Donec pharetra nisi ipsum, a pharetra nisi bibendum ut. Vestibulum at vestibulum turpis. Duis convallis sapien eu libero dignissim, vel hendrerit arcu euismod. Mauris cursus ante non purus cursus posuere. Aenean tincidunt turpis at est euismod aliquam.</p>\r\n\r\n<p>Cras interdum sem at sem molestie, aliquet malesuada risus maximus. Nunc finibus diam vitae efficitur tempus. Morbi dolor ante, gravida vel placerat vitae, sagittis eu lorem. Nam blandit aliquet augue, a vulputate arcu laoreet rhoncus. Maecenas vehicula erat sem, consectetur volutpat ante tempor in. Vestibulum fermentum sagittis quam, et congue elit ultricies eu. Duis bibendum, massa eu mattis bibendum, quam lacus lacinia ipsum, at laoreet orci lorem eget elit. Proin sed hendrerit neque, sit amet egestas tellus. Nullam sollicitudin augue quis consequat dictum. Nunc sit amet sodales lacus. Quisque auctor vitae tellus in mollis. Vestibulum ut arcu eget purus blandit suscipit.</p>\r\n', 'code.jpg', 1, '2019-11-19 06:17:33', '2021-01-31 15:48:59');
COMMIT;

/*!40101 SET CHARACTER_SET_CLIENT=@OLD_CHARACTER_SET_CLIENT */;
/*!40101 SET CHARACTER_SET_RESULTS=@OLD_CHARACTER_SET_RESULTS */;
/*!40101 SET COLLATION_CONNECTION=@OLD_COLLATION_CONNECTION */;
